{
  "dataset": "Breneman-C",
  "illuminant-test": "D65",
  "illuminant-reference": "A",
  "illuminance-lux": 15,
  "background-y%": 30,
  "sample-size": "S",
  "medium": "trans",
  "experimental-method": "haploscopic",
  "whitepoint-test-xyz": [94.35, 100.0, 113.71],
  "whitepoint-reference-xyz": [108.86, 100.0, 35.14],
  "test-xyz": [
    [
      26.41, 21.48, 33.03, 37.22, 14.99, 31.52, 10.52, 7.5, 18.71, 9.64, 25.28,
      14.6
    ],
    [
      28.12, 11.25, 28.12, 28.12, 11.25, 28.12, 11.25, 11.25, 28.12, 11.25,
      28.12, 11.25
    ],
    [
      20.68, 5.61, 17.11, 5.56, 4.93, 5.7, 6.42, 7.95, 26.39, 23.46, 35.17,
      22.42
    ]
  ],
  "reference-xyz": [
    [
      30.91, 22.3, 37.0, 41.68, 16.36, 36.47, 12.05, 9.01, 22.15, 10.49, 29.05,
      15.39
    ],
    [
      28.12, 11.25, 28.12, 28.12, 11.25, 28.12, 11.25, 11.25, 28.12, 11.25,
      28.12, 11.25
    ],
    [10.09, 1.1, 7.75, 0.3, 0.8, 0.63, 1.77, 3.01, 15.19, 16.27, 21.88, 12.96]
  ]
}
