{
  "dataset": "Breneman-L",
  "illuminant-test": "D55",
  "illuminant-reference": "D55",
  "illuminance-lux": "15-270",
  "background-y%": 30,
  "sample-size": "S",
  "medium": "trans",
  "experimental-method": "haploscopic",
  "whitepoint-test-xyz": [97.1, 100.0, 90.04],
  "whitepoint-reference-xyz": [97.1, 100.0, 90.04],
  "test-xyz": [
    [
      27.28, 20.56, 33.31, 37.18, 14.92, 31.34, 11.09, 7.63, 20.75, 11.48,
      25.44, 15.11
    ],
    [
      28.12, 11.25, 28.12, 28.12, 11.25, 28.12, 11.25, 11.25, 28.12, 11.25,
      28.12, 11.25
    ],
    [21.08, 3.6, 13.39, 4.39, 2.94, 4.89, 4.34, 5.61, 24.3, 29.45, 32.34, 22.67]
  ],
  "reference-xyz": [
    [
      27.3, 22.1, 33.7, 38.15, 15.08, 30.5, 10.63, 6.44, 19.27, 12.5, 25.8,
      16.94
    ],
    [
      28.12, 11.25, 28.12, 28.12, 11.25, 28.12, 11.25, 11.25, 28.12, 11.25,
      28.12, 11.25
    ],
    [25.32, 2.3, 15.22, 0.35, 0.99, 0.96, 2.94, 5.16, 30.2, 41.86, 42.96, 30.32]
  ]
}
