{
  "dataset": "Breneman-C",
  "illuminant-test": "D55",
  "illuminant-reference": "P",
  "illuminance-lux": 75,
  "background-y%": 30,
  "sample-size": "S",
  "medium": "trans",
  "experimental-method": "haploscopic",
  "whitepoint-test-xyz": [96.97, 100.0, 95.29],
  "whitepoint-reference-xyz": [96.31, 100.0, 43.71],
  "test-xyz": [
    [
      27.02, 22.46, 33.32, 38.01, 15.27, 30.83, 10.77, 6.76, 19.66, 10.66,
      25.06, 15.21
    ],
    [
      28.12, 11.25, 28.12, 28.12, 11.25, 28.12, 11.25, 11.25, 28.12, 11.25,
      28.12, 11.25
    ],
    [21.16, 3.1, 14.68, 2.66, 2.1, 3.07, 3.72, 5.42, 26.43, 30.19, 37.69, 23.91]
  ],
  "reference-xyz": [
    [
      27.9, 22.53, 34.41, 40.09, 15.76, 32.78, 11.29, 7.25, 19.85, 10.08, 25.07,
      15.12
    ],
    [
      28.12, 11.25, 28.12, 28.12, 11.25, 28.12, 11.25, 11.25, 28.12, 11.25,
      28.12, 11.25
    ],
    [13.27, 1.27, 8.92, 0.54, 0.65, 0.75, 1.69, 2.92, 18.2, 23.32, 26.06, 16.84]
  ]
}
