{
  "dataset": "Breneman-C",
  "illuminant-test": "D55",
  "illuminant-reference": "G",
  "illuminance-lux": 75,
  "background-y%": 30,
  "sample-size": "S",
  "medium": "trans",
  "experimental-method": "haploscopic",
  "whitepoint-test-xyz": [75.43, 100.0, 52.89],
  "whitepoint-reference-xyz": [95.7, 100.0, 90.51],
  "test-xyz": [
    [
      22.59, 20.31, 29.41, 33.41, 13.07, 26.99, 8.94, 5.7, 16.91, 9.62, 20.06,
      13.91
    ],
    [
      28.12, 11.25, 28.12, 28.12, 11.25, 28.12, 11.25, 11.25, 28.12, 11.25,
      28.12, 11.25
    ],
    [
      18.26, 1.14, 10.28, 0.81, 0.31, 1.59, 1.58, 3.1, 20.81, 26.64, 31.06,
      22.65
    ]
  ],
  "reference-xyz": [
    [
      27.3, 22.3, 33.51, 38.22, 15.13, 30.71, 10.68, 6.87, 21.36, 13.29, 25.74,
      17.01
    ],
    [
      28.12, 11.25, 28.12, 28.12, 11.25, 28.12, 11.25, 11.25, 28.12, 11.25,
      28.12, 11.25
    ],
    [25.32, 2.24, 14.95, 0.6, 0.98, 3.1, 2.92, 4.66, 30.26, 38.88, 42.55, 30.29]
  ]
}
