{
  "dataset": "Breneman-C",
  "illuminant-test": "D65",
  "illuminant-reference": "A",
  "illuminance-lux": 350,
  "background-y%": 30,
  "sample-size": "S",
  "medium": "trans",
  "experimental-method": "haploscopic",
  "whitepoint-test-xyz": [93.55, 100.0, 108.48],
  "whitepoint-reference-xyz": [110.78, 100.0, 35.59],
  "test-xyz": [
    [
      25.62, 20.43, 31.38, 34.71, 13.75, 29.5, 9.47, 6.67, 18.44, 9.81, 25.51,
      14.71
    ],
    [
      28.12, 11.25, 28.12, 28.12, 11.25, 28.12, 11.25, 11.25, 28.12, 11.25,
      28.12, 11.25
    ],
    [
      21.63, 3.38, 16.99, 2.62, 2.61, 3.23, 4.39, 6.43, 30.11, 27.69, 43.06,
      25.61
    ]
  ],
  "reference-xyz": [
    [
      30.97, 22.21, 37.05, 41.68, 16.36, 36.47, 12.08, 9.0, 22.32, 10.49, 28.98,
      15.44
    ],
    [
      28.12, 11.25, 28.12, 28.12, 11.25, 28.12, 11.25, 11.25, 28.12, 11.25,
      28.12, 11.25
    ],
    [9.76, 1.0, 7.43, 0.3, 0.8, 0.63, 1.65, 2.91, 15.45, 16.27, 22.25, 12.94]
  ]
}
