{
  "dataset": "Breneman-C",
  "illuminant-test": "D65",
  "illuminant-reference": "A",
  "illuminance-lux": 1500,
  "background-y%": 30,
  "sample-size": "S",
  "medium": "trans",
  "experimental-method": "haploscopic",
  "whitepoint-test-xyz": [94.74, 100.0, 100.0],
  "whitepoint-reference-xyz": [110.79, 100.0, 33.41],
  "test-xyz": [
    [
      25.85, 20.89, 31.7, 34.87, 13.67, 29.35, 9.19, 6.27, 17.94, 11.76, 26.44,
      16.02
    ],
    [
      28.12, 11.25, 28.12, 28.12, 11.25, 28.12, 11.25, 11.25, 28.12, 11.25,
      28.12, 11.25
    ],
    [
      24.01, 3.09, 18.57, 1.72, 2.04, 1.89, 4.49, 6.44, 33.29, 39.09, 48.62,
      30.88
    ]
  ],
  "reference-xyz": [
    [
      31.27, 22.26, 36.93, 41.87, 16.38, 36.58, 12.05, 9.01, 22.07, 10.58,
      29.12, 15.43
    ],
    [
      28.12, 11.25, 28.12, 28.12, 11.25, 28.12, 11.25, 11.25, 28.12, 11.25,
      28.12, 11.25
    ],
    [9.97, 0.99, 7.47, 0.52, 0.68, 0.59, 2.0, 3.01, 15.53, 16.07, 21.51, 12.62]
  ]
}
