{
  "dataset": "Breneman-C",
  "illuminant-test": "D65",
  "illuminant-reference": "A",
  "illuminance-lux": 75,
  "background-y%": 30,
  "sample-size": "S",
  "medium": "trans",
  "experimental-method": "haploscopic",
  "whitepoint-test-xyz": [95.88, 100.0, 110.44],
  "whitepoint-reference-xyz": [110.99, 100.0, 36.62],
  "test-xyz": [
    [
      26.2, 21.02, 31.82, 35.44, 14.22, 30.07, 9.88, 6.97, 18.3, 9.7, 25.42,
      14.94
    ],
    [
      28.12, 11.25, 28.12, 28.12, 11.25, 28.12, 11.25, 11.25, 28.12, 11.25,
      28.12, 11.25
    ],
    [21.09, 4.11, 16.51, 3.52, 3.05, 3.6, 5.36, 6.84, 27.6, 26.18, 39.23, 25.75]
  ],
  "reference-xyz": [
    [
      31.03, 22.35, 37.05, 41.87, 16.38, 36.47, 12.03, 9.0, 22.07, 10.52, 29.05,
      15.47
    ],
    [
      28.12, 11.25, 28.12, 28.12, 11.25, 28.12, 11.25, 11.25, 28.12, 11.25,
      28.12, 11.25
    ],
    [10.05, 1.08, 7.43, 0.52, 0.68, 0.63, 1.9, 2.91, 15.53, 16.08, 21.88, 12.77]
  ]
}
