{
  "dataset": "Breneman-L",
  "illuminant-test": "D55",
  "illuminant-reference": "D55",
  "illuminance-lux": "130-2120",
  "background-y%": 30,
  "sample-size": "S",
  "medium": "trans",
  "experimental-method": "haploscopic",
  "whitepoint-test-xyz": [97.1, 100.0, 90.04],
  "whitepoint-reference-xyz": [97.1, 100.0, 90.04],
  "test-xyz": [
    [
      27.32, 20.09, 32.44, 35.18, 14.26, 30.37, 10.74, 7.59, 21.31, 11.58,
      25.88, 15.09
    ],
    [
      28.12, 11.25, 28.12, 28.12, 11.25, 28.12, 11.25, 11.25, 28.12, 11.25,
      28.12, 11.25
    ],
    [
      22.11, 2.71, 13.67, 2.46, 1.73, 2.66, 3.25, 4.9, 24.46, 29.17, 33.37,
      22.89
    ]
  ],
  "reference-xyz": [
    [
      27.42, 22.2, 33.7, 38.22, 15.07, 30.55, 10.54, 6.39, 19.35, 12.54, 25.86,
      17.04
    ],
    [
      28.12, 11.25, 28.12, 28.12, 11.25, 28.12, 11.25, 11.25, 28.12, 11.25,
      28.12, 11.25
    ],
    [
      26.01, 2.27, 15.22, 0.6, 1.11, 1.22, 2.97, 5.18, 30.92, 42.15, 43.38,
      30.79
    ]
  ]
}
