{
  "dataset": "Breneman-C",
  "illuminant-test": "D55",
  "illuminant-reference": "P",
  "illuminance-lux": "1500",
  "background-y%": 30,
  "sample-size": "S",
  "medium": "trans",
  "experimental-method": "haploscopic",
  "whitepoint-test-xyz": [95.82, 100.0, 94.36],
  "whitepoint-reference-xyz": [95.87, 100.0, 43.86],
  "test-xyz": [
    [
      26.95, 22.24, 32.95, 37.38, 14.9, 30.32, 10.4, 6.42, 19.44, 12.47, 25.84,
      17.7
    ],
    [
      28.12, 11.25, 28.12, 28.12, 11.25, 28.12, 11.25, 11.25, 28.12, 11.25,
      28.12, 11.25
    ],
    [
      24.0, 2.38, 15.47, 1.73, 1.63, 1.84, 3.02, 5.05, 31.65, 41.56, 46.52,
      34.56
    ]
  ],
  "reference-xyz": [
    [
      27.78, 22.59, 34.4, 40.33, 15.85, 32.89, 11.29, 7.21, 19.69, 9.98, 24.99,
      15.15
    ],
    [
      28.12, 11.25, 28.12, 28.12, 11.25, 28.12, 11.25, 11.25, 28.12, 11.25,
      28.12, 11.25
    ],
    [
      13.31, 1.13, 8.31, 0.46, 0.62, 0.71, 1.69, 2.94, 17.93, 23.55, 26.45,
      17.01
    ]
  ]
}
