{
  "dataset": "Breneman-C",
  "illuminant-test": "D55",
  "illuminant-reference": "A",
  "illuminance-lux": "11100",
  "background-y%": 30,
  "sample-size": "S",
  "medium": "trans",
  "experimental-method": "haploscopic",
  "whitepoint-test-xyz": [93.83, 100.0, 91.13],
  "whitepoint-reference-xyz": [110.14, 100.0, 34.71],
  "test-xyz": [
    [27.0, 19.52, 31.82, 33.02, 13.22, 8.86, 6.47, 18.6, 11.19, 26.31, 15.57],
    [
      28.12, 11.25, 28.12, 28.12, 11.25, 11.25, 11.25, 28.12, 11.25, 28.12,
      11.25
    ],
    [24.34, 2.65, 16.51, 1.78, 1.84, 3.65, 6.5, 34.23, 35.63, 47.73, 30.02]
  ],
  "reference-xyz": [
    [32.42, 22.2, 38.01, 41.56, 16.38, 11.85, 9.01, 22.07, 10.58, 28.93, 15.32],
    [
      28.12, 11.25, 28.12, 28.12, 11.25, 11.25, 11.25, 28.12, 11.25, 28.12,
      11.25
    ],
    [10.51, 1.13, 7.11, 0.34, 0.68, 1.5, 3.01, 15.53, 16.07, 21.22, 12.66]
  ]
}
