{
  "dataset": "Breneman-C",
  "illuminant-test": "D55",
  "illuminant-reference": "G",
  "illuminance-lux": 1560,
  "background-y%": 30,
  "sample-size": "S",
  "medium": "trans",
  "experimental-method": "haploscopic",
  "whitepoint-test-xyz": [75.29, 100.0, 51.83],
  "whitepoint-reference-xyz": [97.1, 100.0, 90.04],
  "test-xyz": [
    [
      21.71, 20.24, 28.76, 33.52, 13.3, 26.81, 8.9, 5.42, 16.03, 7.88, 19.16,
      13.05
    ],
    [
      28.12, 11.25, 28.12, 28.12, 11.25, 28.12, 11.25, 11.25, 28.12, 11.25,
      28.12, 11.25
    ],
    [16.61, 1.41, 9.59, 0.78, 0.46, 1.92, 1.93, 3.2, 18.5, 20.16, 28.03, 19.95]
  ],
  "reference-xyz": [
    [
      27.38, 22.25, 33.51, 38.29, 15.08, 30.66, 10.68, 6.92, 21.31, 13.18,
      25.86, 16.94
    ],
    [
      28.12, 11.25, 28.12, 28.12, 11.25, 28.12, 11.25, 11.25, 28.12, 11.25,
      28.12, 11.25
    ],
    [
      24.93, 2.25, 14.95, 0.86, 0.99, 2.84, 2.92, 4.65, 29.9, 38.62, 43.38,
      30.32
    ]
  ]
}
