{
  "dataset": "Breneman-L",
  "illuminant-test": "D55",
  "illuminant-reference": "D55",
  "illuminance-lux": "850-11100",
  "background-y%": 30,
  "sample-size": "S",
  "medium": "trans",
  "experimental-method": "haploscopic",
  "whitepoint-test-xyz": [97.1, 100.0, 90.04],
  "whitepoint-reference-xyz": [97.1, 100.0, 90.04],
  "test-xyz": [
    [
      27.47, 20.06, 32.01, 35.28, 14.14, 29.46, 10.48, 7.32, 20.92, 11.42,
      26.18, 15.26
    ],
    [
      28.12, 11.25, 28.12, 28.12, 11.25, 28.12, 11.25, 11.25, 28.12, 11.25,
      28.12, 11.25
    ],
    [
      23.82, 2.47, 15.45, 1.86, 1.65, 2.41, 3.22, 5.11, 26.73, 28.99, 37.31,
      23.46
    ]
  ],
  "reference-xyz": [
    [
      27.36, 22.15, 33.7, 38.15, 15.07, 30.55, 10.59, 6.44, 19.31, 12.47, 25.86,
      16.99
    ],
    [
      28.12, 11.25, 28.12, 28.12, 11.25, 28.12, 11.25, 11.25, 28.12, 11.25,
      28.12, 11.25
    ],
    [
      25.66, 2.29, 15.22, 0.35, 1.11, 1.22, 2.95, 5.16, 30.56, 41.56, 43.38,
      30.55
    ]
  ]
}
