{
  "dataset": "CSAJ-Hunt",
  "illuminant-test": "D65",
  "illuminant-reference": "D65",
  "illuminance-lux": 50,
  "background-y%": 20,
  "sample-size": "S",
  "medium": "refl",
  "experimental-method": "haploscopic",
  "whitepoint-test-xyz": [95.54, 100.0, 107.67],
  "whitepoint-reference-xyz": [95.54, 100.0, 107.67],
  "test-xyz": [
    [29.99, 25.04, 17.95, 21.25, 30.04],
    [23.66, 25.64, 25.82, 26.74, 26.7],
    [17.51, 8.34, 20.73, 39.97, 40.49]
  ],
  "reference-xyz": [
    [35.32, 29.36, 17.49, 21.14, 31.38],
    [26.98, 30.93, 28.2, 27.55, 27.01],
    [18.6, 6.62, 20.59, 46.48, 45.34]
  ]
}
