{
  "dataset": "CSAJ-Hunt",
  "illuminant-test": "D65",
  "illuminant-reference": "D65",
  "illuminance-lux": 3000,
  "background-y%": 20,
  "sample-size": "S",
  "medium": "refl",
  "experimental-method": "haploscopic",
  "whitepoint-test-xyz": [95.54, 100.0, 107.67],
  "whitepoint-reference-xyz": [95.54, 100.0, 107.67],
  "test-xyz": [
    [45.3, 38.66, 17.2, 22.47, 35.6],
    [33.44, 40.98, 30.82, 30.13, 29.35],
    [21.74, 5.52, 21.73, 60.5, 52.69]
  ],
  "reference-xyz": [
    [35.32, 29.36, 17.49, 21.14, 31.38],
    [26.98, 30.93, 28.2, 27.55, 27.01],
    [18.6, 6.62, 20.59, 46.48, 45.34]
  ]
}
