{
  "dataset": "CSAJ-Hunt",
  "illuminant-test": "D65",
  "illuminant-reference": "D65",
  "illuminance-lux": 1000,
  "background-y%": 20,
  "sample-size": "S",
  "medium": "refl",
  "experimental-method": "haploscopic",
  "whitepoint-test-xyz": [95.54, 100.0, 107.67],
  "whitepoint-reference-xyz": [95.54, 100.0, 107.67],
  "test-xyz": [
    [41.1, 36.48, 17.31, 21.22, 33.03],
    [30.82, 38.49, 30.34, 28.62, 27.55],
    [20.05, 5.42, 20.42, 55.73, 49.49]
  ],
  "reference-xyz": [
    [35.32, 29.36, 17.49, 21.14, 31.38],
    [26.98, 30.93, 28.2, 27.55, 27.01],
    [18.6, 6.62, 20.59, 46.48, 45.34]
  ]
}
