{
  "dataset": "CSAJ-Hunt",
  "illuminant-test": "D65",
  "illuminant-reference": "D65",
  "illuminance-lux": 10,
  "background-y%": 20,
  "sample-size": "S",
  "medium": "refl",
  "experimental-method": "haploscopic",
  "whitepoint-test-xyz": [95.54, 100.0, 107.67],
  "whitepoint-reference-xyz": [95.54, 100.0, 107.67],
  "test-xyz": [
    [25.81, 22.71, 17.68, 19.86, 24.37],
    [21.27, 23.3, 23.39, 23.96, 22.7],
    [17.14, 11.85, 20.95, 32.83, 31.07]
  ],
  "reference-xyz": [
    [35.32, 29.36, 17.49, 21.14, 31.38],
    [26.98, 30.93, 28.2, 27.55, 27.01],
    [18.6, 6.62, 20.59, 46.48, 45.34]
  ]
}
