{
  "dataset": "McCann",
  "illuminant-test": "D65",
  "illuminant-reference": "R,Y,G,B",
  "illuminance-lux": "14-40",
  "background-y%": 30,
  "sample-size": "S",
  "medium": "refl",
  "experimental-method": "haploscopic",
  "whitepoint-test-xyz": [110.01, 100.0, 68.15],
  "whitepoint-reference-xyz": [55.91, 100.0, 64.55],
  "test-xyz": [
    [
      27.17, 23.98, 78.29, 34.03, 31.18, 41.27, 51.06, 40.35, 47.54, 19.23,
      78.28, 55.86, 38.89, 49.64, 42.54, 65.17, 45.48
    ],
    [
      29.69, 19.95, 80.95, 43.17, 44.77, 22.66, 32.59, 44.45, 61.33, 12.35,
      76.68, 43.78, 44.26, 59.35, 41.97, 59.08, 60.59
    ],
    [
      18.97, 6.01, 11.44, 25.55, 10.56, 7.02, 15.34, 43.91, 8.79, 5.13, 50.99,
      12.24, 7.33, 42.71, 28.73, 52.41, 23.26
    ]
  ],
  "reference-xyz": [
    [
      15.22, 12.13, 34.63, 13.36, 13.18, 19.35, 25.71, 18.25, 30.84, 5.78,
      51.66, 29.22, 22.02, 31.01, 22.1, 28.24, 19.07
    ],
    [
      27.23, 15.22, 67.01, 37.31, 35.27, 12.38, 23.36, 34.84, 76.57, 4.58,
      92.42, 31.52, 41.8, 67.08, 39.54, 41.29, 51.9
    ],
    [
      17.57, 5.13, 9.89, 18.5, 8.88, 6.02, 15.93, 36.68, 15.28, 3.7, 59.64,
      9.97, 7.16, 44.5, 25.52, 39.34, 19.0
    ]
  ]
}
