{
  "dataset": "McCann",
  "illuminant-test": "D65",
  "illuminant-reference": "R,Y,G,B",
  "illuminance-lux": "14-40",
  "background-y%": 30,
  "sample-size": "S",
  "medium": "refl",
  "experimental-method": "haploscopic",
  "whitepoint-test-xyz": [110.01, 100.0, 68.15],
  "whitepoint-reference-xyz": [110.01, 100.0, 68.15],
  "test-xyz": [
    [
      34.58, 33.62, 78.73, 19.04, 25.51, 53.51, 66.63, 28.52, 52.64, 24.06,
      90.92, 76.94, 54.23, 56.14, 34.25, 63.13, 32.41
    ],
    [
      30.01, 20.23, 70.49, 30.4, 30.83, 25.2, 36.13, 30.88, 61.0, 13.52, 77.28,
      45.68, 44.03, 60.13, 29.4, 45.27, 44.29
    ],
    [
      17.51, 3.54, 6.24, 21.58, 7.44, 4.64, 14.55, 39.06, 7.67, 5.4, 49.23,
      10.39, 7.79, 50.33, 18.25, 36.44, 16.49
    ]
  ],
  "reference-xyz": [
    [
      29.96, 30.53, 78.04, 18.74, 23.02, 55.2, 66.84, 28.53, 58.92, 15.29,
      101.68, 76.94, 49.64, 52.03, 43.5, 57.16, 30.4
    ],
    [
      27.23, 19.92, 70.3, 30.47, 31.0, 25.85, 36.52, 30.88, 70.4, 7.83, 92.42,
      45.68, 44.11, 60.02, 39.54, 44.33, 44.16
    ],
    [
      18.56, 5.34, 9.68, 19.36, 9.02, 6.42, 16.95, 39.06, 15.29, 3.94, 63.0,
      10.39, 7.1, 46.98, 26.95, 41.87, 19.67
    ]
  ]
}
