{
  "dataset": "McCann",
  "illuminant-test": "D65",
  "illuminant-reference": "R,Y,G,B",
  "illuminance-lux": "14-40",
  "background-y%": 30,
  "sample-size": "S",
  "medium": "refl",
  "experimental-method": "haploscopic",
  "whitepoint-test-xyz": [110.01, 100.0, 68.15],
  "whitepoint-reference-xyz": [160.22, 100.0, 90.29],
  "test-xyz": [
    [
      24.86, 36.75, 81.06, 26.61, 29.05, 53.51, 75.16, 23.75, 62.77, 28.6,
      80.16, 83.61, 60.56, 62.33, 36.97, 69.56, 36.27
    ],
    [
      19.91, 20.99, 60.53, 30.63, 30.44, 25.2, 37.99, 20.09, 60.8, 14.48, 61.13,
      46.64, 44.09, 59.13, 30.1, 46.26, 43.52
    ],
    [
      13.8, 4.44, 9.84, 26.31, 10.21, 4.64, 13.57, 33.45, 7.3, 4.64, 39.52,
      7.44, 5.9, 52.56, 20.36, 39.45, 20.07
    ]
  ],
  "reference-xyz": [
    [
      43.63, 46.66, 115.85, 24.36, 31.9, 86.45, 103.21, 39.47, 83.77, 23.7,
      148.08, 118.6, 73.75, 72.58, 63.35, 84.33, 41.12
    ],
    [
      27.23, 23.94, 72.93, 24.51, 27.21, 37.47, 47.91, 27.55, 64.82, 10.65,
      92.42, 57.86, 45.97, 53.92, 39.54, 47.05, 37.36
    ],
    [
      24.59, 6.97, 11.71, 25.39, 11.43, 8.58, 22.62, 52.19, 19.02, 5.29, 83.47,
      13.56, 8.76, 62.21, 35.71, 55.95, 25.48
    ]
  ]
}
