{
  "dataset": "McCann",
  "illuminant-test": "D65",
  "illuminant-reference": "R,Y,G,B",
  "illuminance-lux": "14-40",
  "background-y%": 30,
  "sample-size": "S",
  "medium": "refl",
  "experimental-method": "haploscopic",
  "whitepoint-test-xyz": [110.01, 100.0, 68.15],
  "whitepoint-reference-xyz": [137.44, 100.0, 33.86],
  "test-xyz": [
    [
      34.25, 51.89, 76.66, 22.62, 27.56, 53.51, 66.05, 30.41, 67.91, 28.6,
      91.68, 61.89, 55.63, 58.46, 34.25, 90.5, 48.57
    ],
    [
      29.4, 31.0, 60.8, 30.3, 30.72, 25.2, 35.69, 30.25, 70.41, 14.48, 77.45,
      32.98, 44.18, 59.39, 29.4, 63.38, 60.47
    ],
    [
      18.25, 4.64, 5.64, 17.56, 6.66, 4.64, 12.35, 28.26, 9.15, 4.64, 47.44,
      4.1, 4.96, 43.49, 18.25, 41.63, 20.42
    ]
  ],
  "reference-xyz": [
    [
      37.42, 41.66, 104.77, 20.27, 28.45, 77.21, 91.12, 31.03, 75.42, 20.9,
      127.02, 106.12, 66.54, 60.64, 54.34, 71.17, 35.73
    ],
    [
      27.23, 22.93, 72.82, 26.24, 28.49, 34.33, 44.78, 28.2, 66.97, 9.86, 92.42,
      54.72, 45.82, 55.57, 39.54, 46.07, 39.48
    ],
    [
      9.22, 2.7, 5.27, 9.73, 4.7, 3.16, 8.35, 19.22, 8.12, 1.94, 31.31, 5.25,
      3.81, 23.36, 13.39, 20.61, 10.02
    ]
  ]
}
