{
  "dataset": "CSAJ-Stevens",
  "illuminant-test": "D65",
  "illuminant-reference": "D65",
  "illuminance-lux": 1000,
  "background-y%": 20,
  "sample-size": "S",
  "medium": "refl",
  "experimental-method": "haploscopic",
  "whitepoint-test-xyz": [94.71, 100.0, 111.2],
  "whitepoint-reference-xyz": [94.71, 100.0, 111.2],
  "test-xyz": [
    [94.45, 54.97, 26.0, 10.69, 3.45],
    [99.73, 58.04, 27.45, 11.29, 3.64],
    [110.9, 64.54, 30.52, 12.55, 4.05]
  ],
  "reference-xyz": [
    [67.6, 42.03, 21.48, 9.16, 3.09],
    [71.38, 44.38, 22.68, 9.67, 3.26],
    [79.37, 49.35, 25.22, 10.75, 3.62]
  ]
}
