{
  "dataset": "CSAJ-Stevens",
  "illuminant-test": "D65",
  "illuminant-reference": "D65",
  "illuminance-lux": 50,
  "background-y%": 20,
  "sample-size": "S",
  "medium": "refl",
  "experimental-method": "haploscopic",
  "whitepoint-test-xyz": [94.71, 100.0, 111.2],
  "whitepoint-reference-xyz": [94.71, 100.0, 111.2],
  "test-xyz": [
    [54.14, 35.28, 20.2, 8.43, 2.63],
    [57.17, 37.25, 21.33, 8.9, 2.78],
    [63.57, 41.42, 23.72, 9.9, 3.09]
  ],
  "reference-xyz": [
    [67.6, 42.03, 21.48, 9.16, 3.09],
    [71.38, 44.38, 22.68, 9.67, 3.26],
    [79.37, 49.35, 25.22, 10.75, 3.62]
  ]
}
