{
  "dataset": "CSAJ-Stevens",
  "illuminant-test": "D65",
  "illuminant-reference": "D65",
  "illuminance-lux": 10,
  "background-y%": 20,
  "sample-size": "S",
  "medium": "refl",
  "experimental-method": "haploscopic",
  "whitepoint-test-xyz": [94.71, 100.0, 111.2],
  "whitepoint-reference-xyz": [94.71, 100.0, 111.2],
  "test-xyz": [
    [49.53, 34.04, 19.32, 8.13, 2.66],
    [52.3, 35.94, 20.4, 8.58, 2.81],
    [58.16, 39.96, 22.68, 9.54, 3.12]
  ],
  "reference-xyz": [
    [67.6, 42.03, 21.48, 9.16, 3.09],
    [71.38, 44.38, 22.68, 9.67, 3.26],
    [79.37, 49.35, 25.22, 10.75, 3.62]
  ]
}
